nom_operateur,contact_operateur,telephone_operateur,id_station_local,nom_station,implantation_station,adresse_station
Borneco | FR*BHM,technique.borneco@gmail.com,33123456789,756453,BornEco/63dcef1cde530c3ec2928c1e,Voirie,"3  Place Maurice de Sully, Sully-sur-Loire  45600  France"
Borneco | FR*BHM,technique.borneco@gmail.com,33123456789,756453,BornEco/63dcef1cde530c3ec2928c1e,Voirie,"3  Place Maurice de Sully, Sully-sur-Loire  45600  France"
Borneco | FR*BHM,technique.borneco@gmail.com,33123456789,767307,BornEco/63dcefa3de530c3ec2928c39,Voirie,"  Place des Jeux, Donnemarie-Dontilly  77520  France"
Borneco | FR*BHM,technique.borneco@gmail.com,33123456789,767307,BornEco/63dcefa3de530c3ec2928c39,Voirie,"  Place des Jeux, Donnemarie-Dontilly  77520  France"
Borneco | FR*BHM,technique.borneco@gmail.com,33123456789,782313,BornEco/64255ebeceade60b493082cc,Voirie,"38  Avenue de New York, Paris  75116  France"
evZen | FR*EVZ,support@evzen.com,33123456789,771717,EVzen/0da11575-ea62-47e1-be6f-247316d0fcbf,Voirie,"12  Avenue Draio de la Mar, Carry-le-Rouet  13620  France"
evZen | FR*EVZ,support@evzen.com,33123456789,771717,EVzen/0da11575-ea62-47e1-be6f-247316d0fcbf,Voirie,"12  Avenue Draio de la Mar, Carry-le-Rouet  13620  France"
evZen | FR*EVZ,support@evzen.com,33123456789,683225,CARF - Bornes Publiques/07A6ED91-C96F-4871-AC56-6982896A4AA0,Voirie,"  Rue Prato, Menton  06500  France"
evZen | FR*EVZ,support@evzen.com,33123456789,683225,CARF - Bornes Publiques/07A6ED91-C96F-4871-AC56-6982896A4AA0,Voirie,"  Rue Prato, Menton  06500  France"
evZen | FR*EVZ,support@evzen.com,33123456789,626567,CARF - Bornes Publiques/0B1B7295-2206-42B1-8951-22521F6E8E76,Voirie,"7  Avenue de la 1ère Division Française Libre, Sospel  06380  France"
evZen | FR*EVZ,support@evzen.com,33123456789,626567,CARF - Bornes Publiques/0B1B7295-2206-42B1-8951-22521F6E8E76,Voirie,"7  Avenue de la 1ère Division Française Libre, Sospel  06380  France"
evZen | FR*EVZ,support@evzen.com,33123456789,683228,CARF - Bornes Publiques/170A9812-9FD4-4F8A-85EA-C6C26D275BAA,Voirie,"  Avenue Princesse Grace, Roquebrune-Cap-Martin  06190  France"
evZen | FR*EVZ,support@evzen.com,33123456789,683228,CARF - Bornes Publiques/170A9812-9FD4-4F8A-85EA-C6C26D275BAA,Voirie,"  Avenue Princesse Grace, Roquebrune-Cap-Martin  06190  France"
evZen | FR*EVZ,support@evzen.com,33123456789,674339,CARF - Bornes Publiques/1e51511b-9531-42b9-a289-d22cf5984e15,Voirie,"  Avenue de Verdun, Beausoleil  06240  France"
evZen | FR*EVZ,support@evzen.com,33123456789,674339,CARF - Bornes Publiques/1e51511b-9531-42b9-a289-d22cf5984e15,Voirie,"  Avenue de Verdun, Beausoleil  06240  France"
evZen | FR*EVZ,support@evzen.com,33123456789,683237,CARF - Bornes Publiques/86AFAEBF-A07F-4F93-981B-80D9BC7F856F,Voirie,"  Avenue Raymond Poincaré, Roquebrune-Cap-Martin  06190  France"
evZen | FR*EVZ,support@evzen.com,33123456789,683237,CARF - Bornes Publiques/86AFAEBF-A07F-4F93-981B-80D9BC7F856F,Voirie,"  Avenue Raymond Poincaré, Roquebrune-Cap-Martin  06190  France"
evZen | FR*EVZ,support@evzen.com,33123456789,593336,CARF - Bornes Publiques/91981169-1681-42D0-836C-51CDB0788AEC,Voirie,"248  Route de Saint-Jean, Sainte-Agnès  06500  France"
evZen | FR*EVZ,support@evzen.com,33123456789,593336,CARF - Bornes Publiques/91981169-1681-42D0-836C-51CDB0788AEC,Voirie,"248  Route de Saint-Jean, Sainte-Agnès  06500  France"
evZen | FR*EVZ,support@evzen.com,33123456789,593339,CARF - Bornes Publiques/A1952231-8C6B-4306-B109-106BE66B07FC,Voirie,"103  Avenue Saint-Michel, Sainte-Agnès  06500  France"
evZen | FR*EVZ,support@evzen.com,33123456789,593339,CARF - Bornes Publiques/A1952231-8C6B-4306-B109-106BE66B07FC,Voirie,"103  Avenue Saint-Michel, Sainte-Agnès  06500  France"
evZen | FR*EVZ,support@evzen.com,33123456789,377745,CARF - Bornes Publiques/A94F6CB6-F1DE-4311-87F5-E1C21C182281,Voirie,"9  Boulevard des Moneghetti, Beausoleil  06240  France"
evZen | FR*EVZ,support@evzen.com,33123456789,377745,CARF - Bornes Publiques/A94F6CB6-F1DE-4311-87F5-E1C21C182281,Voirie,"9  Boulevard des Moneghetti, Beausoleil  06240  France"
evZen | FR*EVZ,support@evzen.com,33123456789,613273,ENGIE MAMP - Bornes publiques/07732A52-7E9B-4CE7-B528-7194497E2FA4,Voirie,"91  Rue du Rouet, Marseille  13008  France"
evZen | FR*EVZ,support@evzen.com,33123456789,613273,ENGIE MAMP - Bornes publiques/07732A52-7E9B-4CE7-B528-7194497E2FA4,Voirie,"91  Rue du Rouet, Marseille  13008  France"
evZen | FR*EVZ,support@evzen.com,33123456789,613282,ENGIE MAMP - Bornes publiques/2BF3213A-A7EC-40A8-B813-0BF5E51C0015,Voirie,"  Boulevard de la Libération, Marseille  13001  France"
evZen | FR*EVZ,support@evzen.com,33123456789,613282,ENGIE MAMP - Bornes publiques/2BF3213A-A7EC-40A8-B813-0BF5E51C0015,Voirie,"  Boulevard de la Libération, Marseille  13001  France"
evZen | FR*EVZ,support@evzen.com,33123456789,613285,ENGIE MAMP - Bornes publiques/2EBBB4AD-905E-4898-95B8-DDDE26691452,Voirie,"12  Rue Urbain V, Marseille  13002  France"
evZen | FR*EVZ,support@evzen.com,33123456789,613285,ENGIE MAMP - Bornes publiques/2EBBB4AD-905E-4898-95B8-DDDE26691452,Voirie,"12  Rue Urbain V, Marseille  13002  France"
evZen | FR*EVZ,support@evzen.com,33123456789,678947,ENGIE MAMP - Bornes publiques/42113B28-27BD-4D95-9734-AFCB50E0863D,Voirie,"84  Rue de Lodi, Marseille  13006  France"
evZen | FR*EVZ,support@evzen.com,33123456789,678947,ENGIE MAMP - Bornes publiques/42113B28-27BD-4D95-9734-AFCB50E0863D,Voirie,"84  Rue de Lodi, Marseille  13006  France"
evZen | FR*EVZ,support@evzen.com,33123456789,613300,ENGIE MAMP - Bornes publiques/5492DD66-0694-4F31-9E42-717F02FF06CA,Voirie,"4  Rue André Isaia, Marseille  13013  France"
evZen | FR*EVZ,support@evzen.com,33123456789,613300,ENGIE MAMP - Bornes publiques/5492DD66-0694-4F31-9E42-717F02FF06CA,Voirie,"4  Rue André Isaia, Marseille  13013  France"
evZen | FR*EVZ,support@evzen.com,33123456789,613312,ENGIE MAMP - Bornes publiques/8EF05F63-6AFE-4F04-A9E3-CA50849D61AC,Voirie,"57  Rue de la Loubière, Marseille  13005  France"
evZen | FR*EVZ,support@evzen.com,33123456789,613312,ENGIE MAMP - Bornes publiques/8EF05F63-6AFE-4F04-A9E3-CA50849D61AC,Voirie,"57  Rue de la Loubière, Marseille  13005  France"
evZen | FR*EVZ,support@evzen.com,33123456789,613315,ENGIE MAMP - Bornes publiques/A3F0F8CA-B96A-4723-99B2-CFB3EFC15224,Voirie,"58  Boulevard Vauban, Marseille  13006  France"
evZen | FR*EVZ,support@evzen.com,33123456789,613315,ENGIE MAMP - Bornes publiques/A3F0F8CA-B96A-4723-99B2-CFB3EFC15224,Voirie,"58  Boulevard Vauban, Marseille  13006  France"
evZen | FR*EVZ,support@evzen.com,33123456789,613318,ENGIE MAMP - Bornes publiques/ACA96EA3-15A1-4A74-B9CC-B0B82AA7962C,Voirie,"  Avenue de Mazargues, Marseille  13008  France"
evZen | FR*EVZ,support@evzen.com,33123456789,613318,ENGIE MAMP - Bornes publiques/ACA96EA3-15A1-4A74-B9CC-B0B82AA7962C,Voirie,"  Avenue de Mazargues, Marseille  13008  France"
evZen | FR*EVZ,support@evzen.com,33123456789,613321,ENGIE MAMP - Bornes publiques/B606C19F-6882-41AF-A504-A237DF388AFC,Voirie,"14  Rue des Orgues, Marseille  13004  France"
evZen | FR*EVZ,support@evzen.com,33123456789,613321,ENGIE MAMP - Bornes publiques/B606C19F-6882-41AF-A504-A237DF388AFC,Voirie,"14  Rue des Orgues, Marseille  13004  France"
evZen | FR*EVZ,support@evzen.com,33123456789,613324,ENGIE MAMP - Bornes publiques/B9BE4900-8288-48A1-B1BF-31418A18AC91,Voirie,"3  Rue Bailli de Suffren, Plan-de-Cuques  13380  France"
evZen | FR*EVZ,support@evzen.com,33123456789,613324,ENGIE MAMP - Bornes publiques/B9BE4900-8288-48A1-B1BF-31418A18AC91,Voirie,"3  Rue Bailli de Suffren, Plan-de-Cuques  13380  France"
evZen | FR*EVZ,support@evzen.com,33123456789,678950,ENGIE MAMP - Bornes publiques/D2447B64-5CEF-4A60-8CE9-8BAA3D3145E8,Voirie,"  Rue Guy de Combaud Roquebrune, Marseille  13007  France"
evZen | FR*EVZ,support@evzen.com,33123456789,678950,ENGIE MAMP - Bornes publiques/D2447B64-5CEF-4A60-8CE9-8BAA3D3145E8,Voirie,"  Rue Guy de Combaud Roquebrune, Marseille  13007  France"
evZen | FR*EVZ,support@evzen.com,33123456789,613327,ENGIE MAMP - Bornes publiques/D4DFEB50-10D6-4E3F-806D-D36CB1A244D4,Voirie,"2  Boulevard Gillibert, Marseille  13009  France"
evZen | FR*EVZ,support@evzen.com,33123456789,613327,ENGIE MAMP - Bornes publiques/D4DFEB50-10D6-4E3F-806D-D36CB1A244D4,Voirie,"2  Boulevard Gillibert, Marseille  13009  France"
evZen | FR*EVZ,support@evzen.com,33123456789,678953,ENGIE MAMP - Bornes publiques/F624558B-6A95-4B20-963A-5E3BD485F7E0,Voirie,"132  Boulevard de Roux Prolongé, Marseille  13004  France"
evZen | FR*EVZ,support@evzen.com,33123456789,678953,ENGIE MAMP - Bornes publiques/F624558B-6A95-4B20-963A-5E3BD485F7E0,Voirie,"132  Boulevard de Roux Prolongé, Marseille  13004  France"
Borneco | FR*BHM,technique.borneco@gmail.com,33123456789,767310,BornEco/63dcf040de530c3ec2928d03,Parking public,"  Rue Maréchal de Lattre de Tassigny, Nangis  77370  France"
Borneco | FR*BHM,technique.borneco@gmail.com,33123456789,767310,BornEco/63dcf040de530c3ec2928d03,Parking public,"  Rue Maréchal de Lattre de Tassigny, Nangis  77370  France"
Borneco | FR*BHM,technique.borneco@gmail.com,33123456789,767310,BornEco/63dcf040de530c3ec2928d03,Parking public,"  Rue Maréchal de Lattre de Tassigny, Nangis  77370  France"
Borneco | FR*BHM,technique.borneco@gmail.com,33123456789,767310,BornEco/63dcf040de530c3ec2928d03,Parking public,"  Rue Maréchal de Lattre de Tassigny, Nangis  77370  France"
Borneco | FR*BHM,technique.borneco@gmail.com,33123456789,767313,BornEco/63dcf0bade530c3ec2928d14,Parking public,"6  Place Dupont Perrot, Nangis  77370  France"
Borneco | FR*BHM,technique.borneco@gmail.com,33123456789,767313,BornEco/63dcf0bade530c3ec2928d14,Parking public,"6  Place Dupont Perrot, Nangis  77370  France"
Borneco | FR*BHM,technique.borneco@gmail.com,33123456789,767313,BornEco/63dcf0bade530c3ec2928d14,Parking public,"6  Place Dupont Perrot, Nangis  77370  France"
Borneco | FR*BHM,technique.borneco@gmail.com,33123456789,767313,BornEco/63dcf0bade530c3ec2928d14,Parking public,"6  Place Dupont Perrot, Nangis  77370  France"
Borneco | FR*BHM,technique.borneco@gmail.com,33123456789,767304,BornEco/640729936e73c7acf2766af1,Parking public,"189  Avenue de Fontainebleau, Saint-Fargeau-Ponthierry  77310  France"
WattzHub | FR*SMI,contact@wattzhub.com,33185412867,510419,WattzHub/625fc63fb907c5cc90734800,Parking public,"40  Allée de la Mare Jodoin, Gif-sur-Yvette  91190  France"
WattzHub | FR*SMI,contact@wattzhub.com,33185412867,510419,WattzHub/625fc63fb907c5cc90734800,Parking public,"40  Allée de la Mare Jodoin, Gif-sur-Yvette  91190  France"
evZen | FR*EVZ,support@evzen.com,33123456789,377772,CARF - Bornes Publiques/0246A32B-4DA5-45F3-83CD-58BBBA40C570,Parking public,"  Quai de Monléon, Menton  06500  France"
evZen | FR*EVZ,support@evzen.com,33123456789,377772,CARF - Bornes Publiques/0246A32B-4DA5-45F3-83CD-58BBBA40C570,Parking public,"  Quai de Monléon, Menton  06500  France"
evZen | FR*EVZ,support@evzen.com,33123456789,377772,CARF - Bornes Publiques/0246A32B-4DA5-45F3-83CD-58BBBA40C570,Parking public,"  Quai de Monléon, Menton  06500  France"
evZen | FR*EVZ,support@evzen.com,33123456789,377772,CARF - Bornes Publiques/0246A32B-4DA5-45F3-83CD-58BBBA40C570,Parking public,"  Quai de Monléon, Menton  06500  France"
evZen | FR*EVZ,support@evzen.com,33123456789,593318,CARF - Bornes Publiques/02D28A55-8180-4EE2-967B-C4DE85CE8DE6,Parking public,"37  Boulevard Rouvier, Breil-sur-Roya  06540  France"
evZen | FR*EVZ,support@evzen.com,33123456789,593318,CARF - Bornes Publiques/02D28A55-8180-4EE2-967B-C4DE85CE8DE6,Parking public,"37  Boulevard Rouvier, Breil-sur-Roya  06540  France"
evZen | FR*EVZ,support@evzen.com,33123456789,683231,CARF - Bornes Publiques/1FE96331-2018-4918-AA44-11F7900143C8,Parking public,"68  Chemin de Saint-Antonin, Castillon  06500  France"
evZen | FR*EVZ,support@evzen.com,33123456789,683231,CARF - Bornes Publiques/1FE96331-2018-4918-AA44-11F7900143C8,Parking public,"68  Chemin de Saint-Antonin, Castillon  06500  France"
evZen | FR*EVZ,support@evzen.com,33123456789,674639,CARF - Bornes Publiques/25F18F8B-FED0-497F-9D7D-71FEF99B4A70,Parking public,"  Avenue Paul Doumer, Roquebrune-Cap-Martin  06190  France"
evZen | FR*EVZ,support@evzen.com,33123456789,674639,CARF - Bornes Publiques/25F18F8B-FED0-497F-9D7D-71FEF99B4A70,Parking public,"  Avenue Paul Doumer, Roquebrune-Cap-Martin  06190  France"
evZen | FR*EVZ,support@evzen.com,33123456789,590672,CARF - Bornes Publiques/30863A27-91A6-40AA-9C8C-2A08ADC581E5,Parking public,"11  Boulevard Borriglione, Moulinet  06380  France"
evZen | FR*EVZ,support@evzen.com,33123456789,590672,CARF - Bornes Publiques/30863A27-91A6-40AA-9C8C-2A08ADC581E5,Parking public,"11  Boulevard Borriglione, Moulinet  06380  France"
evZen | FR*EVZ,support@evzen.com,33123456789,590672,CARF - Bornes Publiques/30863A27-91A6-40AA-9C8C-2A08ADC581E5,Parking public,"11  Boulevard Borriglione, Moulinet  06380  France"
evZen | FR*EVZ,support@evzen.com,33123456789,590672,CARF - Bornes Publiques/30863A27-91A6-40AA-9C8C-2A08ADC581E5,Parking public,"11  Boulevard Borriglione, Moulinet  06380  France"
evZen | FR*EVZ,support@evzen.com,33123456789,593321,CARF - Bornes Publiques/31B87691-9930-4034-AF37-E159F2AB1A15,Parking public,"40  Chemin de Peille, Gorbio  06500  France"
evZen | FR*EVZ,support@evzen.com,33123456789,593321,CARF - Bornes Publiques/31B87691-9930-4034-AF37-E159F2AB1A15,Parking public,"40  Chemin de Peille, Gorbio  06500  France"
evZen | FR*EVZ,support@evzen.com,33123456789,593324,CARF - Bornes Publiques/366DA9E5-C295-45AD-B9EC-911517B8A0A6,Parking public,"95  Avenue du Dr Joseph Daveo, Saorge  06540  France"
evZen | FR*EVZ,support@evzen.com,33123456789,593324,CARF - Bornes Publiques/366DA9E5-C295-45AD-B9EC-911517B8A0A6,Parking public,"95  Avenue du Dr Joseph Daveo, Saorge  06540  France"
evZen | FR*EVZ,support@evzen.com,33123456789,683234,CARF - Bornes Publiques/44287F2F-18FC-4312-BE87-87739EAF3357,Parking public,"  Place Neuve, La Turbie  06320  France"
evZen | FR*EVZ,support@evzen.com,33123456789,683234,CARF - Bornes Publiques/44287F2F-18FC-4312-BE87-87739EAF3357,Parking public,"  Place Neuve, La Turbie  06320  France"
evZen | FR*EVZ,support@evzen.com,33123456789,674633,CARF - Bornes Publiques/4E5A40E1-AB25-4ADD-A460-22AA8193CB6F,Parking public,"  Avenue du 16 Septembre 1947, Tende  06430  France"
evZen | FR*EVZ,support@evzen.com,33123456789,674633,CARF - Bornes Publiques/4E5A40E1-AB25-4ADD-A460-22AA8193CB6F,Parking public,"  Avenue du 16 Septembre 1947, Tende  06430  France"
evZen | FR*EVZ,support@evzen.com,33123456789,377766,CARF - Bornes Publiques/50298C72-AF6A-4A0E-B49C-304F82EECC24,Parking public,"81  Avenue Cernuschi, Menton  06500  France"
evZen | FR*EVZ,support@evzen.com,33123456789,377766,CARF - Bornes Publiques/50298C72-AF6A-4A0E-B49C-304F82EECC24,Parking public,"81  Avenue Cernuschi, Menton  06500  France"
evZen | FR*EVZ,support@evzen.com,33123456789,597192,CARF - Bornes Publiques/52948FDE-1CE5-4462-BD34-8B5A6EF684DA,Parking public,"5  Place de la Résistance, Tende  06430  France"
evZen | FR*EVZ,support@evzen.com,33123456789,597192,CARF - Bornes Publiques/52948FDE-1CE5-4462-BD34-8B5A6EF684DA,Parking public,"5  Place de la Résistance, Tende  06430  France"
evZen | FR*EVZ,support@evzen.com,33123456789,593330,CARF - Bornes Publiques/816CEDC2-FF5E-4942-B617-CD0569448D2F,Parking public,"182  Avenue de Saint-Antoine, Castellar  06500  France"
evZen | FR*EVZ,support@evzen.com,33123456789,593330,CARF - Bornes Publiques/816CEDC2-FF5E-4942-B617-CD0569448D2F,Parking public,"182  Avenue de Saint-Antoine, Castellar  06500  France"
evZen | FR*EVZ,support@evzen.com,33123456789,674621,CARF - Bornes Publiques/81878BD6-4B78-4DBE-94AD-872F818E1194,Parking public,"  Route de Menton, Sospel  06380  France"
evZen | FR*EVZ,support@evzen.com,33123456789,674621,CARF - Bornes Publiques/81878BD6-4B78-4DBE-94AD-872F818E1194,Parking public,"  Route de Menton, Sospel  06380  France"
evZen | FR*EVZ,support@evzen.com,33123456789,683240,CARF - Bornes Publiques/87BFBA33-19FC-42C0-AAA8-223154A083C8,Parking public,"  Quai de la Roya, Fontan  06540  France"
evZen | FR*EVZ,support@evzen.com,33123456789,683240,CARF - Bornes Publiques/87BFBA33-19FC-42C0-AAA8-223154A083C8,Parking public,"  Quai de la Roya, Fontan  06540  France"
evZen | FR*EVZ,support@evzen.com,33123456789,674618,CARF - Bornes Publiques/8A492B9B-057C-4B3A-8020-E5835B62CF39,Parking public,"49  Route de Sospel, Menton  06500  France"
evZen | FR*EVZ,support@evzen.com,33123456789,674618,CARF - Bornes Publiques/8A492B9B-057C-4B3A-8020-E5835B62CF39,Parking public,"49  Route de Sospel, Menton  06500  France"
evZen | FR*EVZ,support@evzen.com,33123456789,377778,CARF - Bornes Publiques/8C44E3B4-E0FC-406A-A255-BBA4F44A6DBC,Parking public,"50  Promenade de la Mer, Menton  06500  France"
evZen | FR*EVZ,support@evzen.com,33123456789,377778,CARF - Bornes Publiques/8C44E3B4-E0FC-406A-A255-BBA4F44A6DBC,Parking public,"50  Promenade de la Mer, Menton  06500  France"
evZen | FR*EVZ,support@evzen.com,33123456789,377796,CARF - Bornes Publiques/8CF2C967-C80C-4463-B4BE-A2D9C79A1A2A,Parking public,"  Avenue de la Paix, Roquebrune-Cap-Martin  06190  France"
evZen | FR*EVZ,support@evzen.com,33123456789,377796,CARF - Bornes Publiques/8CF2C967-C80C-4463-B4BE-A2D9C79A1A2A,Parking public,"  Avenue de la Paix, Roquebrune-Cap-Martin  06190  France"
evZen | FR*EVZ,support@evzen.com,33123456789,612871,CARF - Bornes Publiques/97BBD38A-F72F-4418-9160-266374714746,Parking public,"  Promenade du Maréchal Leclerc de Hautecloque, Menton  06500  France"
evZen | FR*EVZ,support@evzen.com,33123456789,612871,CARF - Bornes Publiques/97BBD38A-F72F-4418-9160-266374714746,Parking public,"  Promenade du Maréchal Leclerc de Hautecloque, Menton  06500  France"
evZen | FR*EVZ,support@evzen.com,33123456789,593345,CARF - Bornes Publiques/A9959385-D59F-405F-A090-FB4F879C498D,Parking public,"32  Square Sainte-Agnès, Sainte-Agnès  06500  France"
evZen | FR*EVZ,support@evzen.com,33123456789,593345,CARF - Bornes Publiques/A9959385-D59F-405F-A090-FB4F879C498D,Parking public,"32  Square Sainte-Agnès, Sainte-Agnès  06500  France"
evZen | FR*EVZ,support@evzen.com,33123456789,674615,CARF - Bornes Publiques/B2B81770-2D82-4B37-ADDC-1932D36E3B86,Parking public,"  Place Saint Martin, La Brigue  06430  France"
evZen | FR*EVZ,support@evzen.com,33123456789,674615,CARF - Bornes Publiques/B2B81770-2D82-4B37-ADDC-1932D36E3B86,Parking public,"  Place Saint Martin, La Brigue  06430  France"
evZen | FR*EVZ,support@evzen.com,33123456789,377811,CARF - Bornes Publiques/C361F4BD-F52E-42FB-B2FF-0CF97C15E3C0,Parking public,"  Rue de l'Amendola, La Turbie  06320  France"
evZen | FR*EVZ,support@evzen.com,33123456789,377811,CARF - Bornes Publiques/C361F4BD-F52E-42FB-B2FF-0CF97C15E3C0,Parking public,"  Rue de l'Amendola, La Turbie  06320  France"
evZen | FR*EVZ,support@evzen.com,33123456789,674606,CARF - Bornes Publiques/E1BA5D9F-F149-4592-A062-C3C49C04FDE6,Parking public,"  Avenue du Général de Gaulle, La Brigue  06430  France"
evZen | FR*EVZ,support@evzen.com,33123456789,674606,CARF - Bornes Publiques/E1BA5D9F-F149-4592-A062-C3C49C04FDE6,Parking public,"  Avenue du Général de Gaulle, La Brigue  06430  France"
evZen | FR*EVZ,support@evzen.com,33123456789,612874,CARF - Bornes Publiques/F622865D-1C4A-4DDC-B791-7172191D0857,Parking public,"  Rue des Métiers, Breil-sur-Roya  06540  France"
evZen | FR*EVZ,support@evzen.com,33123456789,612874,CARF - Bornes Publiques/F622865D-1C4A-4DDC-B791-7172191D0857,Parking public,"  Rue des Métiers, Breil-sur-Roya  06540  France"
evZen | FR*EVZ,support@evzen.com,33123456789,697535,Norauto - Bornes publiques/0E8DE6A2-82B9-4261-B1BB-6ED01D981CA6,Parking public,"197  Avenue Paul Poncé, Cavaillon  84300  France"
evZen | FR*EVZ,support@evzen.com,33123456789,697535,Norauto - Bornes publiques/0E8DE6A2-82B9-4261-B1BB-6ED01D981CA6,Parking public,"197  Avenue Paul Poncé, Cavaillon  84300  France"
evZen | FR*EVZ,support@evzen.com,33123456789,697535,Norauto - Bornes publiques/0E8DE6A2-82B9-4261-B1BB-6ED01D981CA6,Parking public,"197  Avenue Paul Poncé, Cavaillon  84300  France"
evZen | FR*EVZ,support@evzen.com,33123456789,746973,Norauto - Bornes publiques/1389CA75-EEAA-4C7F-B250-256D79907116,Parking public,"  Rue de l'Étang, Limonest  69760  France"
evZen | FR*EVZ,support@evzen.com,33123456789,746973,Norauto - Bornes publiques/1389CA75-EEAA-4C7F-B250-256D79907116,Parking public,"  Rue de l'Étang, Limonest  69760  France"
evZen | FR*EVZ,support@evzen.com,33123456789,746973,Norauto - Bornes publiques/1389CA75-EEAA-4C7F-B250-256D79907116,Parking public,"  Rue de l'Étang, Limonest  69760  France"
evZen | FR*EVZ,support@evzen.com,33123456789,746976,Norauto - Bornes publiques/5A5A9137-B2E4-4A78-B94A-A8D8DB30F534,Parking public,"  Rue de la Trémouillière, Saint-Égrève  38120  France"
evZen | FR*EVZ,support@evzen.com,33123456789,746976,Norauto - Bornes publiques/5A5A9137-B2E4-4A78-B94A-A8D8DB30F534,Parking public,"  Rue de la Trémouillière, Saint-Égrève  38120  France"
evZen | FR*EVZ,support@evzen.com,33123456789,746976,Norauto - Bornes publiques/5A5A9137-B2E4-4A78-B94A-A8D8DB30F534,Parking public,"  Rue de la Trémouillière, Saint-Égrève  38120  France"
evZen | FR*EVZ,support@evzen.com,33123456789,590822,Norauto - Bornes publiques/60645100-d364-426f-aea1-b541e9a22721,Parking public,"  Avenue Itzehoe, La Couronne  16400  France"
evZen | FR*EVZ,support@evzen.com,33123456789,590822,Norauto - Bornes publiques/60645100-d364-426f-aea1-b541e9a22721,Parking public,"  Avenue Itzehoe, La Couronne  16400  France"
evZen | FR*EVZ,support@evzen.com,33123456789,590822,Norauto - Bornes publiques/60645100-d364-426f-aea1-b541e9a22721,Parking public,"  Avenue Itzehoe, La Couronne  16400  France"
evZen | FR*EVZ,support@evzen.com,33123456789,746979,Norauto - Bornes publiques/65A1A5C0-CB92-45B3-9816-1508E736A3B3,Parking public,"66  Avenue de la Margeride, Aubière  63170  France"
evZen | FR*EVZ,support@evzen.com,33123456789,746979,Norauto - Bornes publiques/65A1A5C0-CB92-45B3-9816-1508E736A3B3,Parking public,"66  Avenue de la Margeride, Aubière  63170  France"
evZen | FR*EVZ,support@evzen.com,33123456789,746979,Norauto - Bornes publiques/65A1A5C0-CB92-45B3-9816-1508E736A3B3,Parking public,"66  Avenue de la Margeride, Aubière  63170  France"
evZen | FR*EVZ,support@evzen.com,33123456789,746982,Norauto - Bornes publiques/ABB3B1A8-4A98-4EF7-8CB1-3223B19A3D6F,Parking public,"  Rue Flandres-Dunkerque, Lescar  64230  France"
evZen | FR*EVZ,support@evzen.com,33123456789,746982,Norauto - Bornes publiques/ABB3B1A8-4A98-4EF7-8CB1-3223B19A3D6F,Parking public,"  Rue Flandres-Dunkerque, Lescar  64230  France"
evZen | FR*EVZ,support@evzen.com,33123456789,746982,Norauto - Bornes publiques/ABB3B1A8-4A98-4EF7-8CB1-3223B19A3D6F,Parking public,"  Rue Flandres-Dunkerque, Lescar  64230  France"
evZen | FR*EVZ,support@evzen.com,33123456789,746985,Norauto - Bornes publiques/C38C4315-24EF-42DE-AED0-3443603968CF,Parking public,"  Rue du Bas Faure, Le Vigen  87110  France"
evZen | FR*EVZ,support@evzen.com,33123456789,746985,Norauto - Bornes publiques/C38C4315-24EF-42DE-AED0-3443603968CF,Parking public,"  Rue du Bas Faure, Le Vigen  87110  France"
evZen | FR*EVZ,support@evzen.com,33123456789,746985,Norauto - Bornes publiques/C38C4315-24EF-42DE-AED0-3443603968CF,Parking public,"  Rue du Bas Faure, Le Vigen  87110  France"
evZen | FR*EVZ,support@evzen.com,33123456789,746985,Norauto - Bornes publiques/C38C4315-24EF-42DE-AED0-3443603968CF,Parking public,"  Rue du Bas Faure, Le Vigen  87110  France"
evZen | FR*EVZ,support@evzen.com,33123456789,746985,Norauto - Bornes publiques/C38C4315-24EF-42DE-AED0-3443603968CF,Parking public,"  Rue du Bas Faure, Le Vigen  87110  France"
evZen | FR*EVZ,support@evzen.com,33123456789,746988,Norauto - Bornes publiques/E870D4C6-060F-43B6-B69F-E09612E36295,Parking public,"  Avenue André Jorigne, Montauban  82000  France"
evZen | FR*EVZ,support@evzen.com,33123456789,746988,Norauto - Bornes publiques/E870D4C6-060F-43B6-B69F-E09612E36295,Parking public,"  Avenue André Jorigne, Montauban  82000  France"
evZen | FR*EVZ,support@evzen.com,33123456789,746988,Norauto - Bornes publiques/E870D4C6-060F-43B6-B69F-E09612E36295,Parking public,"  Avenue André Jorigne, Montauban  82000  France"
evZen | FR*EVZ,support@evzen.com,33123456789,746988,Norauto - Bornes publiques/E870D4C6-060F-43B6-B69F-E09612E36295,Parking public,"  Avenue André Jorigne, Montauban  82000  France"
evZen | FR*EVZ,support@evzen.com,33123456789,746988,Norauto - Bornes publiques/E870D4C6-060F-43B6-B69F-E09612E36295,Parking public,"  Avenue André Jorigne, Montauban  82000  France"
evZen | FR*EVZ,support@evzen.com,33123456789,746988,Norauto - Bornes publiques/E870D4C6-060F-43B6-B69F-E09612E36295,Parking public,"  Avenue André Jorigne, Montauban  82000  France"
evZen | FR*EVZ,support@evzen.com,33123456789,613276,ENGIE MAMP - Bornes publiques/11F18D7E-C43A-40C4-A8FC-85238C74315B,Parking public,"13  Rue du Colonel Baron Jean-Joseph Merle, Allauch  13190  France"
evZen | FR*EVZ,support@evzen.com,33123456789,613276,ENGIE MAMP - Bornes publiques/11F18D7E-C43A-40C4-A8FC-85238C74315B,Parking public,"13  Rue du Colonel Baron Jean-Joseph Merle, Allauch  13190  France"
evZen | FR*EVZ,support@evzen.com,33123456789,613279,ENGIE MAMP - Bornes publiques/12DAC224-B09F-438F-AA40-525243F3D43D,Parking public,"38  Rue Lamartine, Marignane  13700  France"
evZen | FR*EVZ,support@evzen.com,33123456789,613279,ENGIE MAMP - Bornes publiques/12DAC224-B09F-438F-AA40-525243F3D43D,Parking public,"38  Rue Lamartine, Marignane  13700  France"
evZen | FR*EVZ,support@evzen.com,33123456789,613288,ENGIE MAMP - Bornes publiques/360F740B-C687-4479-975A-D1E7ACD1B5A7,Parking public,"14  Boulevard de Beaumont, Marseille  13012  France"
evZen | FR*EVZ,support@evzen.com,33123456789,613288,ENGIE MAMP - Bornes publiques/360F740B-C687-4479-975A-D1E7ACD1B5A7,Parking public,"14  Boulevard de Beaumont, Marseille  13012  France"
evZen | FR*EVZ,support@evzen.com,33123456789,613291,ENGIE MAMP - Bornes publiques/3C65BED9-60D0-4C6D-8C83-42C7C651F7C2,Parking public,"2  Boulevard Berthier, Marseille  13011  France"
evZen | FR*EVZ,support@evzen.com,33123456789,613291,ENGIE MAMP - Bornes publiques/3C65BED9-60D0-4C6D-8C83-42C7C651F7C2,Parking public,"2  Boulevard Berthier, Marseille  13011  France"
evZen | FR*EVZ,support@evzen.com,33123456789,613294,ENGIE MAMP - Bornes publiques/3CFC049E-09A2-4A21-9C9B-D0D09824E5E6,Parking public,"  Cours Pasteur, Gémenos  13420  France"
evZen | FR*EVZ,support@evzen.com,33123456789,613294,ENGIE MAMP - Bornes publiques/3CFC049E-09A2-4A21-9C9B-D0D09824E5E6,Parking public,"  Cours Pasteur, Gémenos  13420  France"
evZen | FR*EVZ,support@evzen.com,33123456789,613297,ENGIE MAMP - Bornes publiques/5063FA0A-F384-454C-9E37-485255C33243,Parking public,"  Boulevard Michelet, Marseille  13008  France"
evZen | FR*EVZ,support@evzen.com,33123456789,613297,ENGIE MAMP - Bornes publiques/5063FA0A-F384-454C-9E37-485255C33243,Parking public,"  Boulevard Michelet, Marseille  13008  France"
evZen | FR*EVZ,support@evzen.com,33123456789,613303,ENGIE MAMP - Bornes publiques/57CCFF30-596E-4834-9CC2-9A6B446C9419,Parking public,"  Boulevard Bazile Barrelier, Marseille  13014  France"
evZen | FR*EVZ,support@evzen.com,33123456789,613303,ENGIE MAMP - Bornes publiques/57CCFF30-596E-4834-9CC2-9A6B446C9419,Parking public,"  Boulevard Bazile Barrelier, Marseille  13014  France"
evZen | FR*EVZ,support@evzen.com,33123456789,613306,ENGIE MAMP - Bornes publiques/6F5C35EF-A452-4F66-971A-C35675141790,Parking public,"  Chemin du Riau, Ceyreste  13600  France"
evZen | FR*EVZ,support@evzen.com,33123456789,613306,ENGIE MAMP - Bornes publiques/6F5C35EF-A452-4F66-971A-C35675141790,Parking public,"  Chemin du Riau, Ceyreste  13600  France"
evZen | FR*EVZ,support@evzen.com,33123456789,613309,ENGIE MAMP - Bornes publiques/7152CFA2-3DA3-44CF-8F5F-919ADADA4FBE,Parking public,"16  Boulevard Denis Papin, Saint-Victoret  13730  France"
evZen | FR*EVZ,support@evzen.com,33123456789,613309,ENGIE MAMP - Bornes publiques/7152CFA2-3DA3-44CF-8F5F-919ADADA4FBE,Parking public,"16  Boulevard Denis Papin, Saint-Victoret  13730  France"
evZen | FR*EVZ,support@evzen.com,33123456789,613330,ENGIE MAMP - Bornes publiques/DF25D5A3-44AA-4380-AE6F-A9875D793B78,Parking public,"  Rue René Descartes, Marignane  13700  France"
evZen | FR*EVZ,support@evzen.com,33123456789,613330,ENGIE MAMP - Bornes publiques/DF25D5A3-44AA-4380-AE6F-A9875D793B78,Parking public,"  Rue René Descartes, Marignane  13700  France"
evZen | FR*EVZ,support@evzen.com,33123456789,613333,ENGIE MAMP - Bornes publiques/F6976EFF-F485-47D2-BE83-EE3474EA26B0,Parking public,"  Boulevard André Malraux, Plan-de-Cuques  13380  France"
evZen | FR*EVZ,support@evzen.com,33123456789,613333,ENGIE MAMP - Bornes publiques/F6976EFF-F485-47D2-BE83-EE3474EA26B0,Parking public,"  Boulevard André Malraux, Plan-de-Cuques  13380  France"
Borneco | FR*BHM,technique.borneco@gmail.com,33123456789,585578,BornEco/63208b4f5b86b978c9c55057,Parking privé à usage public,"5478  Avenue Lou Mistraou, Bormes-les-Mimosas  83230  France"
Borneco | FR*BHM,technique.borneco@gmail.com,33123456789,588491,BornEco/6326b6ba5b86b978c9c6540b,Parking privé à usage public,"70  Avenue Victor Hugo, Aubervilliers  93300  France"
Borneco | FR*BHM,technique.borneco@gmail.com,33123456789,588491,BornEco/6326b6ba5b86b978c9c6540b,Parking privé à usage public,"70  Avenue Victor Hugo, Aubervilliers  93300  France"
Borneco | FR*BHM,technique.borneco@gmail.com,33123456789,588491,BornEco/6326b6ba5b86b978c9c6540b,Parking privé à usage public,"70  Avenue Victor Hugo, Aubervilliers  93300  France"
Borneco | FR*BHM,technique.borneco@gmail.com,33123456789,588491,BornEco/6326b6ba5b86b978c9c6540b,Parking privé à usage public,"70  Avenue Victor Hugo, Aubervilliers  93300  France"
Borneco | FR*BHM,technique.borneco@gmail.com,33123456789,588491,BornEco/6326b6ba5b86b978c9c6540b,Parking privé à usage public,"70  Avenue Victor Hugo, Aubervilliers  93300  France"
Borneco | FR*BHM,technique.borneco@gmail.com,33123456789,674789,BornEco/634695f735e82090cd09ffba,Parking privé à usage public,"  Quai de Petit-Couronne, Petit-Couronne  76650  France"
Borneco | FR*BHM,technique.borneco@gmail.com,33123456789,674789,BornEco/634695f735e82090cd09ffba,Parking privé à usage public,"  Quai de Petit-Couronne, Petit-Couronne  76650  France"
Borneco | FR*BHM,technique.borneco@gmail.com,33123456789,674792,BornEco/637b6948beb8687dae1588d7,Parking privé à usage public,"1  Rue du Château, Vosne-Romanée  21700  France"
Borneco | FR*BHM,technique.borneco@gmail.com,33123456789,674792,BornEco/637b6948beb8687dae1588d7,Parking privé à usage public,"1  Rue du Château, Vosne-Romanée  21700  France"
Borneco | FR*BHM,technique.borneco@gmail.com,33123456789,707684,BornEco/63ac32f411a81405a7c96369,Parking privé à usage public,"29  Rue Bobby Sands, Saint-Herblain  44800  France"
Borneco | FR*BHM,technique.borneco@gmail.com,33123456789,707684,BornEco/63ac32f411a81405a7c96369,Parking privé à usage public,"29  Rue Bobby Sands, Saint-Herblain  44800  France"
Borneco | FR*BHM,technique.borneco@gmail.com,33123456789,701342,BornEco/63ac339611a81405a7c9652f,Parking privé à usage public,"610  Route de Cassel, Drincham  59630  France"
Borneco | FR*BHM,technique.borneco@gmail.com,33123456789,701342,BornEco/63ac339611a81405a7c9652f,Parking privé à usage public,"610  Route de Cassel, Drincham  59630  France"
Borneco | FR*BHM,technique.borneco@gmail.com,33123456789,744225,BornEco/63fc668c6e73c7acf2178cb6,Parking privé à usage public,"7  Rue Simone Signoret, Brionne  27800  France"
Borneco | FR*BHM,technique.borneco@gmail.com,33123456789,767316,BornEco/64242f91ceade60b491cd913,Parking privé à usage public,"25  Rue de Vannes, Sainte-Anne-d'Auray  56400  France"
Borneco | FR*BHM,technique.borneco@gmail.com,33123456789,767316,BornEco/64242f91ceade60b491cd913,Parking privé à usage public,"25  Rue de Vannes, Sainte-Anne-d'Auray  56400  France"
Borneco | FR*BHM,technique.borneco@gmail.com,33123456789,767316,BornEco/64242f91ceade60b491cd913,Parking privé à usage public,"25  Rue de Vannes, Sainte-Anne-d'Auray  56400  France"
Borneco | FR*BHM,technique.borneco@gmail.com,33123456789,767316,BornEco/64242f91ceade60b491cd913,Parking privé à usage public,"25  Rue de Vannes, Sainte-Anne-d'Auray  56400  France"
WattzHub | FR*SMI,contact@wattzhub.com,33185412867,756459,WattzHub/63ca9147de530c3ec23826c5,Parking privé à usage public,"5  Avenue des Prés, Fresnes  94260  France"
WattzHub | FR*SMI,contact@wattzhub.com,33185412867,756459,WattzHub/63ca9147de530c3ec23826c5,Parking privé à usage public,"5  Avenue des Prés, Fresnes  94260  France"
WattzHub | FR*SMI,contact@wattzhub.com,33185412867,756459,WattzHub/63ca9147de530c3ec23826c5,Parking privé à usage public,"5  Avenue des Prés, Fresnes  94260  France"
WattzHub | FR*SMI,contact@wattzhub.com,33185412867,756459,WattzHub/63ca9147de530c3ec23826c5,Parking privé à usage public,"5  Avenue des Prés, Fresnes  94260  France"
WattzHub | FR*SMI,contact@wattzhub.com,33185412867,756459,WattzHub/63ca9147de530c3ec23826c5,Parking privé à usage public,"5  Avenue des Prés, Fresnes  94260  France"
WattzHub | FR*SMI,contact@wattzhub.com,33185412867,756459,WattzHub/63ca9147de530c3ec23826c5,Parking privé à usage public,"5  Avenue des Prés, Fresnes  94260  France"
WattzHub | FR*SMI,contact@wattzhub.com,33185412867,756459,WattzHub/63ca9147de530c3ec23826c5,Parking privé à usage public,"5  Avenue des Prés, Fresnes  94260  France"
WattzHub | FR*SMI,contact@wattzhub.com,33185412867,756459,WattzHub/63ca9147de530c3ec23826c5,Parking privé à usage public,"5  Avenue des Prés, Fresnes  94260  France"
evZen | FR*EVZ,support@evzen.com,33123456789,544793,EVzen/312557b1-5a81-4247-9d9b-1eefca4ad7d0,Parking privé à usage public,"168  Route de Cannes, Grasse  06130  France"
evZen | FR*EVZ,support@evzen.com,33123456789,544793,EVzen/312557b1-5a81-4247-9d9b-1eefca4ad7d0,Parking privé à usage public,"168  Route de Cannes, Grasse  06130  France"
evZen | FR*EVZ,support@evzen.com,33123456789,753657,Norauto - Bornes publiques/11146714-0B6A-4EB7-9B99-AB5DF44A6E02,Parking privé à usage public,"  Allée des Savoies, Vénissieux  69200  France"
evZen | FR*EVZ,support@evzen.com,33123456789,753657,Norauto - Bornes publiques/11146714-0B6A-4EB7-9B99-AB5DF44A6E02,Parking privé à usage public,"  Allée des Savoies, Vénissieux  69200  France"
evZen | FR*EVZ,support@evzen.com,33123456789,753657,Norauto - Bornes publiques/11146714-0B6A-4EB7-9B99-AB5DF44A6E02,Parking privé à usage public,"  Allée des Savoies, Vénissieux  69200  France"
evZen | FR*EVZ,support@evzen.com,33123456789,709406,Norauto - Bornes publiques/1B8D3F80-A6E2-497D-B8B5-73CFD4CCC20C,Parking privé à usage public,"  Rue du Commerce, Epagny Metz-Tessy  74330  France"
evZen | FR*EVZ,support@evzen.com,33123456789,709406,Norauto - Bornes publiques/1B8D3F80-A6E2-497D-B8B5-73CFD4CCC20C,Parking privé à usage public,"  Rue du Commerce, Epagny Metz-Tessy  74330  France"
evZen | FR*EVZ,support@evzen.com,33123456789,709406,Norauto - Bornes publiques/1B8D3F80-A6E2-497D-B8B5-73CFD4CCC20C,Parking privé à usage public,"  Rue du Commerce, Epagny Metz-Tessy  74330  France"
evZen | FR*EVZ,support@evzen.com,33123456789,697538,Norauto - Bornes publiques/1F131AB9-5931-456F-9CAD-7987BBAF3A32,Parking privé à usage public,"  Avenue de la Condamine, Saint-Jean-de-Védas  34430  France"
evZen | FR*EVZ,support@evzen.com,33123456789,697538,Norauto - Bornes publiques/1F131AB9-5931-456F-9CAD-7987BBAF3A32,Parking privé à usage public,"  Avenue de la Condamine, Saint-Jean-de-Védas  34430  France"
evZen | FR*EVZ,support@evzen.com,33123456789,697538,Norauto - Bornes publiques/1F131AB9-5931-456F-9CAD-7987BBAF3A32,Parking privé à usage public,"  Avenue de la Condamine, Saint-Jean-de-Védas  34430  France"
evZen | FR*EVZ,support@evzen.com,33123456789,697541,Norauto - Bornes publiques/219E136A-89D2-44AD-8B09-3B5AFBBF6B28,Parking privé à usage public,"  Rue Zenobe Gramme, Béziers  34500  France"
evZen | FR*EVZ,support@evzen.com,33123456789,697541,Norauto - Bornes publiques/219E136A-89D2-44AD-8B09-3B5AFBBF6B28,Parking privé à usage public,"  Rue Zenobe Gramme, Béziers  34500  France"
evZen | FR*EVZ,support@evzen.com,33123456789,697541,Norauto - Bornes publiques/219E136A-89D2-44AD-8B09-3B5AFBBF6B28,Parking privé à usage public,"  Rue Zenobe Gramme, Béziers  34500  France"
evZen | FR*EVZ,support@evzen.com,33123456789,626654,Norauto - Bornes publiques/281C04F0-E96C-4835-AE1F-F11D8FDEF4F5,Parking privé à usage public,"2  Route de Romans, Valence  26000  France"
evZen | FR*EVZ,support@evzen.com,33123456789,626654,Norauto - Bornes publiques/281C04F0-E96C-4835-AE1F-F11D8FDEF4F5,Parking privé à usage public,"2  Route de Romans, Valence  26000  France"
evZen | FR*EVZ,support@evzen.com,33123456789,626654,Norauto - Bornes publiques/281C04F0-E96C-4835-AE1F-F11D8FDEF4F5,Parking privé à usage public,"2  Route de Romans, Valence  26000  France"
evZen | FR*EVZ,support@evzen.com,33123456789,709409,Norauto - Bornes publiques/3112428D-C629-40AF-A5E4-D1797CE898E7,Parking privé à usage public,"  Rue Jean de la Fontaine, Mably  42300  France"
evZen | FR*EVZ,support@evzen.com,33123456789,709409,Norauto - Bornes publiques/3112428D-C629-40AF-A5E4-D1797CE898E7,Parking privé à usage public,"  Rue Jean de la Fontaine, Mably  42300  France"
evZen | FR*EVZ,support@evzen.com,33123456789,709409,Norauto - Bornes publiques/3112428D-C629-40AF-A5E4-D1797CE898E7,Parking privé à usage public,"  Rue Jean de la Fontaine, Mably  42300  France"
evZen | FR*EVZ,support@evzen.com,33123456789,709409,Norauto - Bornes publiques/3112428D-C629-40AF-A5E4-D1797CE898E7,Parking privé à usage public,"  Rue Jean de la Fontaine, Mably  42300  France"
evZen | FR*EVZ,support@evzen.com,33123456789,709409,Norauto - Bornes publiques/3112428D-C629-40AF-A5E4-D1797CE898E7,Parking privé à usage public,"  Rue Jean de la Fontaine, Mably  42300  France"
evZen | FR*EVZ,support@evzen.com,33123456789,709409,Norauto - Bornes publiques/3112428D-C629-40AF-A5E4-D1797CE898E7,Parking privé à usage public,"  Rue Jean de la Fontaine, Mably  42300  France"
evZen | FR*EVZ,support@evzen.com,33123456789,674567,Norauto - Bornes publiques/380BDE59-5E6C-434B-893B-A38970D49D49,Parking privé à usage public,"  Rue René Cassin, Saint-Marcel  71380  France"
evZen | FR*EVZ,support@evzen.com,33123456789,674567,Norauto - Bornes publiques/380BDE59-5E6C-434B-893B-A38970D49D49,Parking privé à usage public,"  Rue René Cassin, Saint-Marcel  71380  France"
evZen | FR*EVZ,support@evzen.com,33123456789,674567,Norauto - Bornes publiques/380BDE59-5E6C-434B-893B-A38970D49D49,Parking privé à usage public,"  Rue René Cassin, Saint-Marcel  71380  France"
evZen | FR*EVZ,support@evzen.com,33123456789,613465,Norauto - Bornes publiques/45e816a3-ed6c-4883-812d-79703086b18c,Parking privé à usage public,"  Boulevard Paul Eluard, Martigues  13500  France"
evZen | FR*EVZ,support@evzen.com,33123456789,613465,Norauto - Bornes publiques/45e816a3-ed6c-4883-812d-79703086b18c,Parking privé à usage public,"  Boulevard Paul Eluard, Martigues  13500  France"
evZen | FR*EVZ,support@evzen.com,33123456789,613465,Norauto - Bornes publiques/45e816a3-ed6c-4883-812d-79703086b18c,Parking privé à usage public,"  Boulevard Paul Eluard, Martigues  13500  France"
evZen | FR*EVZ,support@evzen.com,33123456789,679184,Norauto - Bornes publiques/6D5B69A3-90E6-47C2-A6EF-89AEEDCF873D,Parking privé à usage public,"  Cours Jean Monnet, Nîmes  30900  France"
evZen | FR*EVZ,support@evzen.com,33123456789,679184,Norauto - Bornes publiques/6D5B69A3-90E6-47C2-A6EF-89AEEDCF873D,Parking privé à usage public,"  Cours Jean Monnet, Nîmes  30900  France"
evZen | FR*EVZ,support@evzen.com,33123456789,679184,Norauto - Bornes publiques/6D5B69A3-90E6-47C2-A6EF-89AEEDCF873D,Parking privé à usage public,"  Cours Jean Monnet, Nîmes  30900  France"
evZen | FR*EVZ,support@evzen.com,33123456789,679184,Norauto - Bornes publiques/6D5B69A3-90E6-47C2-A6EF-89AEEDCF873D,Parking privé à usage public,"  Cours Jean Monnet, Nîmes  30900  France"
evZen | FR*EVZ,support@evzen.com,33123456789,679184,Norauto - Bornes publiques/6D5B69A3-90E6-47C2-A6EF-89AEEDCF873D,Parking privé à usage public,"  Cours Jean Monnet, Nîmes  30900  France"
evZen | FR*EVZ,support@evzen.com,33123456789,679184,Norauto - Bornes publiques/6D5B69A3-90E6-47C2-A6EF-89AEEDCF873D,Parking privé à usage public,"  Cours Jean Monnet, Nîmes  30900  France"
evZen | FR*EVZ,support@evzen.com,33123456789,740952,Norauto - Bornes publiques/77333B59-67B3-48A4-BA9F-E997387A7A0B,Parking privé à usage public,"53B  Rue de la Martinière, Bassens  73000  France"
evZen | FR*EVZ,support@evzen.com,33123456789,740952,Norauto - Bornes publiques/77333B59-67B3-48A4-BA9F-E997387A7A0B,Parking privé à usage public,"53B  Rue de la Martinière, Bassens  73000  France"
evZen | FR*EVZ,support@evzen.com,33123456789,740952,Norauto - Bornes publiques/77333B59-67B3-48A4-BA9F-E997387A7A0B,Parking privé à usage public,"53B  Rue de la Martinière, Bassens  73000  France"
evZen | FR*EVZ,support@evzen.com,33123456789,779304,Norauto - Bornes publiques/78E616B4-7BA0-4413-B78D-CFB584AB2799,Parking privé à usage public,"  Route d'Orléans, Saint-Doulchard  18230  France"
evZen | FR*EVZ,support@evzen.com,33123456789,779304,Norauto - Bornes publiques/78E616B4-7BA0-4413-B78D-CFB584AB2799,Parking privé à usage public,"  Route d'Orléans, Saint-Doulchard  18230  France"
evZen | FR*EVZ,support@evzen.com,33123456789,779304,Norauto - Bornes publiques/78E616B4-7BA0-4413-B78D-CFB584AB2799,Parking privé à usage public,"  Route d'Orléans, Saint-Doulchard  18230  France"
evZen | FR*EVZ,support@evzen.com,33123456789,674570,Norauto - Bornes publiques/7FCB08D0-06B2-4027-8F92-A7B082320D46,Parking privé à usage public,"  Rue du Beaujolais, Crêches-sur-Saône  71680  France"
evZen | FR*EVZ,support@evzen.com,33123456789,674570,Norauto - Bornes publiques/7FCB08D0-06B2-4027-8F92-A7B082320D46,Parking privé à usage public,"  Rue du Beaujolais, Crêches-sur-Saône  71680  France"
evZen | FR*EVZ,support@evzen.com,33123456789,674570,Norauto - Bornes publiques/7FCB08D0-06B2-4027-8F92-A7B082320D46,Parking privé à usage public,"  Rue du Beaujolais, Crêches-sur-Saône  71680  France"
evZen | FR*EVZ,support@evzen.com,33123456789,674573,Norauto - Bornes publiques/84C490A8-F786-4E35-BA27-38626410EC92,Parking privé à usage public,"  Rue d'Italie, Orange  84100  France"
evZen | FR*EVZ,support@evzen.com,33123456789,674573,Norauto - Bornes publiques/84C490A8-F786-4E35-BA27-38626410EC92,Parking privé à usage public,"  Rue d'Italie, Orange  84100  France"
evZen | FR*EVZ,support@evzen.com,33123456789,674573,Norauto - Bornes publiques/84C490A8-F786-4E35-BA27-38626410EC92,Parking privé à usage public,"  Rue d'Italie, Orange  84100  France"
evZen | FR*EVZ,support@evzen.com,33123456789,701234,Norauto - Bornes publiques/8E164D1B-5C36-4799-B133-67C8028D5E96,Parking privé à usage public,"15  Chemin des Charbonnières, Balaruc-le-Vieux  34540  France"
evZen | FR*EVZ,support@evzen.com,33123456789,701234,Norauto - Bornes publiques/8E164D1B-5C36-4799-B133-67C8028D5E96,Parking privé à usage public,"15  Chemin des Charbonnières, Balaruc-le-Vieux  34540  France"
evZen | FR*EVZ,support@evzen.com,33123456789,701234,Norauto - Bornes publiques/8E164D1B-5C36-4799-B133-67C8028D5E96,Parking privé à usage public,"15  Chemin des Charbonnières, Balaruc-le-Vieux  34540  France"
evZen | FR*EVZ,support@evzen.com,33123456789,701234,Norauto - Bornes publiques/8E164D1B-5C36-4799-B133-67C8028D5E96,Parking privé à usage public,"15  Chemin des Charbonnières, Balaruc-le-Vieux  34540  France"
evZen | FR*EVZ,support@evzen.com,33123456789,701234,Norauto - Bornes publiques/8E164D1B-5C36-4799-B133-67C8028D5E96,Parking privé à usage public,"15  Chemin des Charbonnières, Balaruc-le-Vieux  34540  France"
evZen | FR*EVZ,support@evzen.com,33123456789,701234,Norauto - Bornes publiques/8E164D1B-5C36-4799-B133-67C8028D5E96,Parking privé à usage public,"15  Chemin des Charbonnières, Balaruc-le-Vieux  34540  France"
evZen | FR*EVZ,support@evzen.com,33123456789,701234,Norauto - Bornes publiques/8E164D1B-5C36-4799-B133-67C8028D5E96,Parking privé à usage public,"15  Chemin des Charbonnières, Balaruc-le-Vieux  34540  France"
evZen | FR*EVZ,support@evzen.com,33123456789,701234,Norauto - Bornes publiques/8E164D1B-5C36-4799-B133-67C8028D5E96,Parking privé à usage public,"15  Chemin des Charbonnières, Balaruc-le-Vieux  34540  France"
evZen | FR*EVZ,support@evzen.com,33123456789,701234,Norauto - Bornes publiques/8E164D1B-5C36-4799-B133-67C8028D5E96,Parking privé à usage public,"15  Chemin des Charbonnières, Balaruc-le-Vieux  34540  France"
evZen | FR*EVZ,support@evzen.com,33123456789,701234,Norauto - Bornes publiques/8E164D1B-5C36-4799-B133-67C8028D5E96,Parking privé à usage public,"15  Chemin des Charbonnières, Balaruc-le-Vieux  34540  France"
evZen | FR*EVZ,support@evzen.com,33123456789,701234,Norauto - Bornes publiques/8E164D1B-5C36-4799-B133-67C8028D5E96,Parking privé à usage public,"15  Chemin des Charbonnières, Balaruc-le-Vieux  34540  France"
evZen | FR*EVZ,support@evzen.com,33123456789,701234,Norauto - Bornes publiques/8E164D1B-5C36-4799-B133-67C8028D5E96,Parking privé à usage public,"15  Chemin des Charbonnières, Balaruc-le-Vieux  34540  France"
evZen | FR*EVZ,support@evzen.com,33123456789,701234,Norauto - Bornes publiques/8E164D1B-5C36-4799-B133-67C8028D5E96,Parking privé à usage public,"15  Chemin des Charbonnières, Balaruc-le-Vieux  34540  France"
evZen | FR*EVZ,support@evzen.com,33123456789,701234,Norauto - Bornes publiques/8E164D1B-5C36-4799-B133-67C8028D5E96,Parking privé à usage public,"15  Chemin des Charbonnières, Balaruc-le-Vieux  34540  France"
evZen | FR*EVZ,support@evzen.com,33123456789,701234,Norauto - Bornes publiques/8E164D1B-5C36-4799-B133-67C8028D5E96,Parking privé à usage public,"15  Chemin des Charbonnières, Balaruc-le-Vieux  34540  France"
evZen | FR*EVZ,support@evzen.com,33123456789,701234,Norauto - Bornes publiques/8E164D1B-5C36-4799-B133-67C8028D5E96,Parking privé à usage public,"15  Chemin des Charbonnières, Balaruc-le-Vieux  34540  France"
evZen | FR*EVZ,support@evzen.com,33123456789,701234,Norauto - Bornes publiques/8E164D1B-5C36-4799-B133-67C8028D5E96,Parking privé à usage public,"15  Chemin des Charbonnières, Balaruc-le-Vieux  34540  France"
evZen | FR*EVZ,support@evzen.com,33123456789,701234,Norauto - Bornes publiques/8E164D1B-5C36-4799-B133-67C8028D5E96,Parking privé à usage public,"15  Chemin des Charbonnières, Balaruc-le-Vieux  34540  France"
evZen | FR*EVZ,support@evzen.com,33123456789,701234,Norauto - Bornes publiques/8E164D1B-5C36-4799-B133-67C8028D5E96,Parking privé à usage public,"15  Chemin des Charbonnières, Balaruc-le-Vieux  34540  France"
evZen | FR*EVZ,support@evzen.com,33123456789,701234,Norauto - Bornes publiques/8E164D1B-5C36-4799-B133-67C8028D5E96,Parking privé à usage public,"15  Chemin des Charbonnières, Balaruc-le-Vieux  34540  France"
evZen | FR*EVZ,support@evzen.com,33123456789,701234,Norauto - Bornes publiques/8E164D1B-5C36-4799-B133-67C8028D5E96,Parking privé à usage public,"15  Chemin des Charbonnières, Balaruc-le-Vieux  34540  France"
evZen | FR*EVZ,support@evzen.com,33123456789,740955,Norauto - Bornes publiques/B5AD1533-2887-456C-B285-907A103E1E65,Parking privé à usage public,"23  Avenue Salvador Allende, Échirolles  38130  France"
evZen | FR*EVZ,support@evzen.com,33123456789,740955,Norauto - Bornes publiques/B5AD1533-2887-456C-B285-907A103E1E65,Parking privé à usage public,"23  Avenue Salvador Allende, Échirolles  38130  France"
evZen | FR*EVZ,support@evzen.com,33123456789,740955,Norauto - Bornes publiques/B5AD1533-2887-456C-B285-907A103E1E65,Parking privé à usage public,"23  Avenue Salvador Allende, Échirolles  38130  France"
evZen | FR*EVZ,support@evzen.com,33123456789,613468,Norauto - Bornes publiques/D75BE6AB-582C-4862-B6F3-E847503DDBEB,Parking privé à usage public,"19  Rue Georges Ohm, Mérignac  33700  France"
evZen | FR*EVZ,support@evzen.com,33123456789,613468,Norauto - Bornes publiques/D75BE6AB-582C-4862-B6F3-E847503DDBEB,Parking privé à usage public,"19  Rue Georges Ohm, Mérignac  33700  France"
evZen | FR*EVZ,support@evzen.com,33123456789,613468,Norauto - Bornes publiques/D75BE6AB-582C-4862-B6F3-E847503DDBEB,Parking privé à usage public,"19  Rue Georges Ohm, Mérignac  33700  France"
evZen | FR*EVZ,support@evzen.com,33123456789,613468,Norauto - Bornes publiques/D75BE6AB-582C-4862-B6F3-E847503DDBEB,Parking privé à usage public,"19  Rue Georges Ohm, Mérignac  33700  France"
evZen | FR*EVZ,support@evzen.com,33123456789,613468,Norauto - Bornes publiques/D75BE6AB-582C-4862-B6F3-E847503DDBEB,Parking privé à usage public,"19  Rue Georges Ohm, Mérignac  33700  France"
evZen | FR*EVZ,support@evzen.com,33123456789,735702,Norauto - Bornes publiques/EC142BEF-6032-4F1B-82F1-409695E655F7,Parking privé à usage public,"  Rue du Génépi, La Mure  38350  France"
evZen | FR*EVZ,support@evzen.com,33123456789,735702,Norauto - Bornes publiques/EC142BEF-6032-4F1B-82F1-409695E655F7,Parking privé à usage public,"  Rue du Génépi, La Mure  38350  France"
evZen | FR*EVZ,support@evzen.com,33123456789,735702,Norauto - Bornes publiques/EC142BEF-6032-4F1B-82F1-409695E655F7,Parking privé à usage public,"  Rue du Génépi, La Mure  38350  France"
evZen | FR*EVZ,support@evzen.com,33123456789,753660,Norauto - Bornes publiques/EE0C051A-A8B9-4B28-9968-2309B09CBCF8,Parking privé à usage public,"618  Boulevard du Commerce, Puget-sur-Argens  83480  France"
evZen | FR*EVZ,support@evzen.com,33123456789,753660,Norauto - Bornes publiques/EE0C051A-A8B9-4B28-9968-2309B09CBCF8,Parking privé à usage public,"618  Boulevard du Commerce, Puget-sur-Argens  83480  France"
evZen | FR*EVZ,support@evzen.com,33123456789,753660,Norauto - Bornes publiques/EE0C051A-A8B9-4B28-9968-2309B09CBCF8,Parking privé à usage public,"618  Boulevard du Commerce, Puget-sur-Argens  83480  France"
evZen | FR*EVZ,support@evzen.com,33123456789,590825,SOMIMAR - Bornes publiques/87880494-8784-41fd-97e2-2d0f15b984ef,Parking privé à usage public,"101  Avenue du Marché National, Marseille  13014  France"
evZen | FR*EVZ,support@evzen.com,33123456789,590825,SOMIMAR - Bornes publiques/87880494-8784-41fd-97e2-2d0f15b984ef,Parking privé à usage public,"101  Avenue du Marché National, Marseille  13014  France"
evZen | FR*EVZ,support@evzen.com,33123456789,590825,SOMIMAR - Bornes publiques/87880494-8784-41fd-97e2-2d0f15b984ef,Parking privé à usage public,"101  Avenue du Marché National, Marseille  13014  France"
evZen | FR*EVZ,support@evzen.com,33123456789,590825,SOMIMAR - Bornes publiques/87880494-8784-41fd-97e2-2d0f15b984ef,Parking privé à usage public,"101  Avenue du Marché National, Marseille  13014  France"
evZen | FR*EVZ,support@evzen.com,33123456789,590825,SOMIMAR - Bornes publiques/87880494-8784-41fd-97e2-2d0f15b984ef,Parking privé à usage public,"101  Avenue du Marché National, Marseille  13014  France"
evZen | FR*EVZ,support@evzen.com,33123456789,590825,SOMIMAR - Bornes publiques/87880494-8784-41fd-97e2-2d0f15b984ef,Parking privé à usage public,"101  Avenue du Marché National, Marseille  13014  France"
evZen | FR*EVZ,support@evzen.com,33123456789,590825,SOMIMAR - Bornes publiques/87880494-8784-41fd-97e2-2d0f15b984ef,Parking privé à usage public,"101  Avenue du Marché National, Marseille  13014  France"
evZen | FR*EVZ,support@evzen.com,33123456789,590825,SOMIMAR - Bornes publiques/87880494-8784-41fd-97e2-2d0f15b984ef,Parking privé à usage public,"101  Avenue du Marché National, Marseille  13014  France"
evZen | FR*EVZ,support@evzen.com,33123456789,590825,SOMIMAR - Bornes publiques/87880494-8784-41fd-97e2-2d0f15b984ef,Parking privé à usage public,"101  Avenue du Marché National, Marseille  13014  France"
evZen | FR*EVZ,support@evzen.com,33123456789,590825,SOMIMAR - Bornes publiques/87880494-8784-41fd-97e2-2d0f15b984ef,Parking privé à usage public,"101  Avenue du Marché National, Marseille  13014  France"
evZen | FR*EVZ,support@evzen.com,33123456789,590825,SOMIMAR - Bornes publiques/87880494-8784-41fd-97e2-2d0f15b984ef,Parking privé à usage public,"101  Avenue du Marché National, Marseille  13014  France"
evZen | FR*EVZ,support@evzen.com,33123456789,590825,SOMIMAR - Bornes publiques/87880494-8784-41fd-97e2-2d0f15b984ef,Parking privé à usage public,"101  Avenue du Marché National, Marseille  13014  France"
